id;titre;date_creation;signe;archive;type_contrat_id;employe_id
1;Personal Loan Account hacking panel;2020-07-21;true;false;1;1
2;e-business;2020-07-22;false;true;2;1
3;transmitting clear-thinking Shoes;2020-07-21;false;true;1;2
4;Home index;2020-07-21;false;true;3;3
5;maroon gold;2020-07-21;false;false;1;4
6;schemas XML;2020-07-21;true;true;4;5
7;Movies incubate benchmark;2020-07-22;false;true;1;6
8;ADP Concrete;2020-07-22;false;true;5;7
9;Plastic;2020-07-22;true;true;1;8
10;online connect Incredible;2020-07-22;true;true;1;9
